{
    "root_group": {
        "name": "",
        "path": "",
        "id": "d41d8cd98f00b204e9800998ecf8427e",
        "groups": {},
        "checks": {}
    },
    "metrics": {
        "http_req_tls_handshaking": {
            "avg": 0,
            "min": 0,
            "med": 0,
            "max": 0,
            "p(90)": 0,
            "p(95)": 0
        },
        "http_req_connecting": {
            "p(95)": 0,
            "avg": 0.020252702702702702,
            "min": 0,
            "med": 0,
            "max": 2.9974,
            "p(90)": 0
        },
        "vus_max": {
            "value": 2500,
            "min": 2500,
            "max": 2500
        },
        "data_sent": {
            "count": 76129,
            "rate": 1268.7704347866404
        },
        "http_req_waiting": {
            "min": 375.3567,
            "med": 381.00265,
            "max": 990.0664,
            "p(90)": 477.64873000000006,
            "p(95)": 482.465225,
            "avg": 397.9425378378379
        },
        "bid_duration": {
            "min": 0,
            "med": 0,
            "max": 0,
            "p(90)": 0,
            "p(95)": 0,
            "avg": 0,
            "thresholds": {
                "p(95)<800": false
            }
        },
        "http_req_failed": {
            "fails": 17,
            "passes": 131,
            "thresholds": {
                "rate<0.01": true
            },
            "value": 0.8851351351351351
        },
        "data_received": {
            "count": 76620,
            "rate": 1276.9534699438111
        },
        "http_req_duration": {
            "p(90)": 478.31794,
            "p(95)": 483.7543,
            "avg": 398.72976486486493,
            "min": 376.5532,
            "med": 381.9019,
            "max": 991.0075,
            "thresholds": {
                "p(95)<500": false,
                "p(99)<1500": false
            }
        },
        "vus": {
            "value": 0,
            "min": 0,
            "max": 0
        },
        "http_req_duration{expected_response:true}": {
            "avg": 514.7281352941177,
            "min": 461.7701,
            "med": 483.2304,
            "max": 991.0075,
            "p(90)": 508.29936,
            "p(95)": 606.7006999999996
        },
        "http_req_receiving": {
            "p(90)": 1.1991900000000009,
            "p(95)": 1.6359250000000003,
            "avg": 0.7048668918918918,
            "min": 0,
            "med": 0.6284,
            "max": 3.677
        },
        "http_reqs": {
            "count": 148,
            "rate": 2.466576788719447
        },
        "http_req_blocked": {
            "max": 2.9974,
            "p(90)": 0,
            "p(95)": 0.10154500000000025,
            "avg": 0.04096081081081081,
            "min": 0,
            "med": 0
        },
        "http_req_sending": {
            "med": 0,
            "max": 0.9952,
            "p(90)": 0.4028800000000019,
            "p(95)": 0.534825,
            "avg": 0.08236013513513514,
            "min": 0
        },
        "login_duration": {
            "min": 0,
            "med": 0,
            "max": 0,
            "p(90)": 0,
            "p(95)": 0,
            "avg": 0,
            "thresholds": {
                "p(95)<1000": false
            }
        },
        "auction_list_duration": {
            "avg": 0,
            "min": 0,
            "med": 0,
            "max": 0,
            "p(90)": 0,
            "p(95)": 0,
            "thresholds": {
                "p(95)<600": false
            }
        },
        "error_rate": {
            "passes": 0,
            "fails": 0,
            "thresholds": {
                "rate<0.05": false
            },
            "value": 0
        }
    }
}